{"cameraMode":{"drawMode":0,"name":"Shaded","section":"Shading Mode"},"sceneLighting":false,"audioPlay":false,"sceneViewState":{"showFog":true,"showMaterialUpdate":false,"showSkybox":false,"showFlares":true,"showImageEffects":true,"showParticleSystems":true},"in2DMode":false,"pivot":{"x":-3.46062970161438,"y":-12.74994945526123,"z":9.229917526245118},"rotation":{"x":-0.4539560079574585,"y":0.020051833242177964,"z":-0.010185330174863339,"w":-0.8907833695411682},"size":31.685684204101564,"orthographic":false}