{"cameraMode":{"drawMode":0,"name":"Shaded","section":"Shading Mode"},"sceneLighting":true,"audioPlay":false,"sceneViewState":{"showFog":true,"showMaterialUpdate":false,"showSkybox":true,"showFlares":true,"showImageEffects":true,"showParticleSystems":true},"in2DMode":false,"pivot":{"x":-2.82985258102417,"y":-1.8586841821670533,"z":22.20669174194336},"rotation":{"x":-0.20743931829929353,"y":-0.5453767776489258,"z":0.14149723947048188,"w":-0.7997445464134216},"size":27.94810676574707,"orthographic":false}