{"cameraMode":{"drawMode":0,"name":"Shaded","section":"Shading Mode"},"sceneLighting":false,"audioPlay":false,"sceneViewState":{"showFog":true,"showMaterialUpdate":false,"showSkybox":false,"showFlares":true,"showImageEffects":true,"showParticleSystems":true},"in2DMode":false,"pivot":{"x":1.3442256450653077,"y":-0.24386538565158845,"z":-6.878879070281982},"rotation":{"x":-0.1619940847158432,"y":-0.6887179017066956,"z":0.16222965717315675,"w":-0.6878860592842102},"size":2.6518476009368898,"orthographic":false}